{
  "Age": {
    "mean": 42.18449197860963,
    "median": 43.0,
    "std": 8.673133465547243,
    "min": 27.0,
    "max": 59.0,
    "q25": 35.25,
    "q75": 50.0,
    "skewness": 0.2572221422742844,
    "kurtosis": -0.9097795476259583,
    "correlation_with_sleep_quality": 0.4737338761619895
  },
  "Sleep Duration": {
    "mean": 7.132085561497325,
    "median": 7.2,
    "std": 0.7956567308898189,
    "min": 5.8,
    "max": 8.5,
    "q25": 6.4,
    "q75": 7.8,
    "skewness": 0.037554389846484834,
    "kurtosis": -1.286506239045075,
    "correlation_with_sleep_quality": 0.8832130004106182
  },
  "Quality of Sleep": {
    "mean": 7.31283422459893,
    "median": 7.0,
    "std": 1.196955919733606,
    "min": 4.0,
    "max": 9.0,
    "q25": 6.0,
    "q75": 8.0,
    "skewness": -0.20744763173836073,
    "kurtosis": -0.7482755418548042
  },
  "Physical Activity Level": {
    "mean": 59.17112299465241,
    "median": 60.0,
    "std": 20.83080365807167,
    "min": 30.0,
    "max": 90.0,
    "q25": 45.0,
    "q75": 75.0,
    "skewness": 0.07448690272010197,
    "kurtosis": -1.2660677718961595,
    "correlation_with_sleep_quality": 0.19289645493975394
  },
  "Stress Level": {
    "mean": 5.385026737967914,
    "median": 5.0,
    "std": 1.774526444198519,
    "min": 3.0,
    "max": 8.0,
    "q25": 4.0,
    "q75": 7.0,
    "skewness": 0.15432958161578225,
    "kurtosis": -1.3273065644578361,
    "correlation_with_sleep_quality": -0.8987520310040413
  },
  "Heart Rate": {
    "mean": 70.16577540106952,
    "median": 70.0,
    "std": 4.135675535112215,
    "min": 65.0,
    "max": 86.0,
    "q25": 68.0,
    "q75": 72.0,
    "skewness": 1.2248235470533522,
    "kurtosis": 2.28645466720358,
    "correlation_with_sleep_quality": -0.6598647331480084
  },
  "Daily Steps": {
    "mean": 6816.844919786096,
    "median": 7000.0,
    "std": 1617.915679133636,
    "min": 3000.0,
    "max": 10000.0,
    "q25": 5600.0,
    "q75": 8000.0,
    "skewness": 0.17827733092832274,
    "kurtosis": -0.3940306018221511,
    "correlation_with_sleep_quality": 0.01679141492471708
  },
  "Systolic_BP": {
    "mean": 128.55347593582889,
    "median": 130.0,
    "std": 7.748117557645013,
    "min": 115.0,
    "max": 142.0,
    "q25": 125.0,
    "q75": 135.0,
    "skewness": -0.03566886755375485,
    "kurtosis": -0.8935436781903419,
    "correlation_with_sleep_quality": -0.12163199613350595
  },
  "Diastolic_BP": {
    "mean": 84.64973262032086,
    "median": 85.0,
    "std": 6.1616114525659205,
    "min": 75.0,
    "max": 95.0,
    "q25": 80.0,
    "q75": 90.0,
    "skewness": 0.37857012033973636,
    "kurtosis": -0.8386928074036093,
    "correlation_with_sleep_quality": -0.11015092719366541
  }
}